column_100,column_101,column_102,column_103,column_104,column_105,column_106,column_107,column_108,column_109,column_110,column_111,column_112,column_113,column_114,column_115,column_116,column_35,column_36,column_37,column_38,column_39,column_40,column_41,column_42,column_43,column_44,column_45,column_46,column_47,column_48,column_49,column_50,column_51,column_52,column_53,column_54,column_55,column_56,column_57,column_58,column_59,column_60,column_61,column_62,column_63,column_64,column_65,column_66,column_67,column_68,column_69,column_70,column_71,column_72,column_73,column_74,column_75,column_76,column_77,column_78,column_79,column_80,column_81,column_82,column_83,column_84,column_85,column_86,column_87,column_88,column_89,column_90,column_91,column_92,column_93,column_94,column_95,column_96,column_97,column_98,column_99,installationId,lockdownId,originalDueDate,taskArchived,taskAssignedToCompanyId,taskCompletedByUserId,taskCompletedDate,taskCreatedByUserId,taskCreatedDate,taskDateDeleted,taskDateUpdated,taskDeletedByUserId,taskDescription,taskDescriptionContentType,taskDisplayOrder,taskDueDate,taskEstimateMinutes,taskHasDeskTickets,taskId,taskIsPrivate,taskName,taskNotify,taskOutOfSequence,taskParentTaskId,taskPriority,taskProgress,taskSequenceDueDate,taskSequenceId,taskSequenceStartDate,taskStartDate,taskStatus,taskUpdatedByUserId,taskUpdatedDateTime,tasklistId
,,,,,,,,,,,,,,,,,(31624742,383455,'[Web] Bug fix on WORK(OUR WORK,,,,,,,,,,,,,,,,,,,,,,,,,,,,,,,,,,,,,,,,,,,,,,,,,,,,,,,,,,,,,,,383455,,NULL),0,,,,349923,2023-03-09 07:32:35,,2023-03-09 07:32:35,,,TEXT,2000,,0,0,31573033,0,,0,,,,0,,,,,newTaskDefaults,349923,2023-03-09 07:32:35,2518834
,,,,,,,,,,,,,,,,,,,,,,,,,,,,,,,,,,,,,,,,,,,,,,,,,,,,,,,,,,,,,,,,,,,,,,,,,,,,,,,,,,we are collecting all the feedbacks regarding WORK(OUR WORK,,,,,,,,,,,,,,,,,,"','https://docs.google.com/presentation/d/1EPVQj7GLzM2Xm_zRWlFLZ0RlXdcnn0UXewYc8FT4StY/edit?pli=1#slide=id.g2190e903e3a_0_62\n\nFrom the slid 11",,,,,,,,,,,,,,,
,,,,,,,,,,,,,,,,,,,,,,,,,,,,,,,,,,,,,,,,,,,,,,,,,,,,,,,,,,,,,,,,,,,,,,,,,,,,,,,,,,"you got invited on the Hotjar. ',100,2518834,581205,'2023-03-16 15:26:52',581205,581205,2002,'completed',NULL,NULL,0,NULL,NULL,NULL,NULL,'2023-03-16 15:26:52','2023-03-15 22:59:11',NULL,0,NULL,NULL,0,'2023-03-16 15:26:52',0,'TEXT',NULL,NULL,NULL,0,NULL),(31749978,383455,'Create website improvement report to share with team','Simply write down the result of past couple of weeks improvements and efforts",,,,,,,,,,,,,,,,,,". ',100,2518834,581205,'2023-03-15 22:57:40',581205,581205,2001,'completed',NULL,NULL,0,NULL,NULL,NULL,NULL,'2023-03-15 22:57:40','2023-03-14 14:18:25',NULL,0,NULL,NULL,0,'2023-03-15 22:57:40',0,'TEXT',NULL,NULL,NULL,0,NULL),(31647770,383455,'Integrate Hotjar code in production env','Details are in https://docs.google.com/presentation/d/1EPVQj7GLzM2Xm_zRWlFLZ0RlXdcnn0UXewYc8FT4StY/edit?pli=1#slide=id.g2190e903e3a_0_146\n\nAlso",,"and share with the team.\n',100,2518834,581205,'2023-04-13 15:54:31',581205,581205,2003,'completed','2023-03-27','2023-03-27',0,NULL,NULL,NULL,NULL,'2023-04-13 15:48:58','2023-03-27 14:04:25',NULL,0,NULL,NULL,0,'2023-04-13 15:48:58',0,'TEXT',NULL,NULL,NULL,0,'2023-03-27'),(31872945,383455,'','',0,2536546,349923,'2023-04-06 03:06:32',349923,NULL,2000,'newTaskDefaults',NULL,NULL,0,NULL,NULL,NULL,NULL,NULL,'2023-04-06 03:06:32',NULL,0,NULL,NULL,0,'2023-04-06 03:06:32',0,'TEXT',NULL,NULL,NULL,0,NULL),(31872964,383455,'[Chartmetric] I18n Framework Integration - Pseudo Loc test integration (Review 2",,,,,,,,,,,,,
,,,,,,,,,,,,,,,,,,,,,,,,,,,,,,,,,,,,,,,,,,,,,,,,,,,,,,,,,,,,,,,,,,,,,,,,,,,,,,,,,,,,,,,,,,,,,,,,,,,,"','**PL Test Tracker (from #47",,,,,,,,,,,,,,,
,,,,,,,,,,,,,,,,,,,,,,,,,,,,,,,,,,,,,,,,,,,,,,,,,,,,,,,,,,,,,,,,,,,,,,,,,,,,,,,,,,,,,,,,,,,,,,,,,,,,:**\nhttps://docs.google.com/spreadsheets/d/1-n8LGO_J4XXhgPkrqbFHI3Yn_QOEWNFWCTUvqdKV6uI/edit#gid=0&range=A57\n\n**Pages to review (Whole list,,,,,,,,,,,,,,,
,,,,,,,,,,,,,,,,,,,,,,,,,,,,,,,,,,,,,,,,,,,,,,,,,,,,,,,,,,,,,,,,,,,,,,,,,,,,,,,,,,,,,,,,,,,,,,,,,,,,**\navailable at app.localization.chartmetric.com:\nAlbum list\nAlbum profile\nCurator list\nCurator profile (partially extracted,,,,,,,,,,,,,,,
,,,,,,,,,,,,,,,,,,,,,,,,,,,,,,,,,,,,,,,,,,,,,,,,,,,,,,,,,,,,,,,,,,,,,,,,,,,,,,,,,,,,,,,,,,,,,,,,,,,,\nPlaylist list\nTrack list\nTrack profile (partially extracted,,,,,,,,,,,,,,,
,,,,,,,,,,,,,,,,,,,,,,,,,,,,,,,,,,,,,,,,,,,,,,,,,,,,,,,,,,,,,,,,,,,,,,,,,,,,,,,,,,,,,,,,,,,,,,,,,,,,\nBrand list\nBrand profile (you’ll need to click on a brand from the brand list url above,,,,,,,,,,,,,,,
,,,,,,,,,,,,,,,,,,,,,,,,,,,,,,,,,,,,,,,,,,,,,,,,,,,,,,,,,,,,,,,,,,,,,,,,,,,,,,,,,,,,,,,,,,,,,,,,,,,,\n[Playlist profile](https://app.localization.chartmetric.com/playlist/spotify?id=848051,,,,,,,,,,,,,,,
,,,,,,,,,,,,,,,,,,,,,,,,,,,,,,,,,,,,,,,,,,,,,,,,,,,,,,,,,,,,,,,,,,,,,,,,,,,,,,,,,,,,,,,,,,,,,,,,,,,,\n[Dashboard page incl sub-tabs](https://app.localization.chartmetric.com/dashboard#Artists,,,,,,,,,,,,,,,
,,,,,,,,,,,,,,,,,,,,,,,,,,,,,,,,,,,,,,,,,,,,,,,,,,,,,,,,,,,,,,,,,,,,,,,,,,,,,,,,,,,,,,,,,,,,,,,,,,,,\n[Main Compare tool](https://app.localization.chartmetric.com/compare,,,,,,,,,,,,,,,
,,,,,,,,,,,,,,,,,,,,,,,,,,,,,,,,,,,,,,,,,,,,,,,,,,,,,,,,,,,,,,,,,,,,,,,,,,,,,,,,,,,,,,,,,,,,,,,,,,,,\nChart pages: [Spotify charts](https://app.localization.chartmetric.com/charts/spotify/legacy#chartType=dailyTop&date=2023-03-14&country=global,,,,,,,,,,,,,,,
,,,,,,,,,,,,,,,,,,,,,,,,,,,,,,,,,,,,,,,,,,,,,,,,,,,,,,,,,,,,,,,,,,,,,,,,,,,,,,,,,,[apple music](https://app.localization.chartmetric.com/charts/apple-music/daily-top#country=global&date=2023-03-15,,,,,,,,,,,,,,,,,,,,,,,,,,,,,,,,,
,,,,,,,,,,,,,,,,,,,,,,,,,,,,,,,,,,,,,,,,,,,,,,,,,,,,,,,,,,,,,,,,,,,,,,,,,,,,,,,,,,tencent,,,,,airplay,,youtube,,tiktok\n[Radio list page](https://app.localization.chartmetric.com/radio-stations,amazon,pandora,netease,,shazam,melon,,,,deezer,qq,,,,,beatport,,,,line,itunes,soundcloud,,chartmetric
,,,,,,,,,,,,,,,,,,,,,,,,,,,,,,,,,,,,,,,,,,,,,,,,,,,,,,,,,,,,,,,,,,,,,,,,,,,,,,,,,,,,,,,,,,,,,,,,,,,,\n[SiriusXM list page](https://app.localization.chartmetric.com/siriusxm-stations,,,,,,,,,,,,,,,
,,,,,,,,,,,,,,,,,,,,,,,,,,,,,,,,,,,,,,,,,,,,,,,,,,,,,,,,,,,,,,,,,,,,,,,,,,,,,,,,,,,,,,,,,,,,,,,,,,,,\n[Settings page](https://app.localization.chartmetric.com/settings,,,,,,,,,,,,,,,
,,,,,,,,,,,,,,,,,,,,,,,,,,,,,,,,,,,,,,,,,,,,,,,,,,,,,,,,,,,,,,,,,,,,,,,,,,,,,,,,,,Notifications Tab,,,,,,,,,,,,,,,,,,,,Add Data Panel tab\n[Artist Overview page](https://app.localization.chartmetric.com/artist?id=3852,,,,,,,,,,,,,
,,,,,,,,,,,,,,,,,,,,,,,,,,,,,,,,,,,,,,,,,,,,,,,,,,,,,,,,,,,,,,,,,,,,,,,,,,,,,,,,,,forgot/reset passwod,,,,,,,,,,,,checked in i18next lib and also found a reference mentioning that is the code for latin America so,,,,,,\nlogin page,,"sign-up flow and email verification\nradio profile page\nsiriusxm profile page\n\n--',0,2536546,349923,'2023-06-15 20:17:06',349923,NULL,2001,'new','2023-04-06','2023-04-10',0,NULL,NULL,NULL,NULL,NULL,'2023-04-06 03:15:20',NULL,0,NULL,NULL,0,'2023-04-06 03:15:20',0,'TEXT',NULL,NULL,NULL,0,'2023-04-10'),(32497048,383455,'[Chartmetric] Locale setting for Stripe','Review of the question from Joaquin:\n\n@chris\n I was looking at the stripe site to see how to pass language and I found that es-419 is what they use for Spanish in latin America",,,,,"should we use that instead of es-LA?\n\""..or a language + a variant identification, such as pt-BR for the Brazilian Portuguese, es-419 for Latin American Spanish, or zh-cmn-Hant-HK which is Chinese in the Mandarin variation...\""\nhttps://www.i18next.com/principles/translation-resolution#example-1',100,2536546,349923,'2023-05-30 15:34:30',581205,581205,2002,'completed','2023-05-30','2023-05-31',0,NULL,NULL,NULL,NULL,'2023-05-30 15:34:30','2023-05-30 02:57:03',NULL,0,NULL,NULL,0,'2023-05-30 15:34:30',0,'TEXT',NULL,NULL,NULL,0,'2023-05-31'),(32497747,383455,'[CF] Chartmetric PL Debug Validation Batch 1-2','\n지난주에 이어서 PL Debug Validation 리포트를 작성하려고 합니다.\n이번주에 커버해야 할 주제는 아래와 같습니다.\n\n1. Proper/Common nouns\n2. Country and city names\n3. Video files\n\n---\n**1번**의 경우 구체적으로 아래 스샷에 등장하는 필터 이름들과 연관되어 있는 것으로 이해됩니다. \n![Screen Shot 2023-05-30 at 2.44.21 PM.png](https://s3.amazonaws.com/tw-inlineimages/383455/0/0/2fe92b7ac77b89355b8e0754900f58e7.png",,,,,,,,
,,,,,,,,,,,,,,,,,,,,,,,,,,,,,,,,,,,,,,,,,,,,,,,,,,,,,,,,,,,,,,,,,,,,,,,,,,,,,,,,,,,,,,,,,,,,,,,,,,,,\nLink: https://app.localization.chartmetric.com/playlist/spotify?id=1645080\n\n크리스의 메모를 옮기면:\n> Filter items are currently not externalized. 관찰한 바로는 각각의 필터 아이템들은 고유명사와 보통명사의 혼합으로 생각됨(New Music Friday는 분명한 고유명사임,,,,,,,,,,,,,,,
,,,,,,,,,,,,,,,,,,,,,,,,,,,,,,,,,,,,,,,,,,,,,,,,,,,,,,,,,,,,,,,,,,,,,,,,,,,,,,,,,,보통명사는 그 의미에 맞게끔 번역을 하는것이 관행이지만,,,,,코드 리팩토링보다는 우선 빠르게 번역을 진행하자고 합니다. 물론 그렇게 하면 됩니다만,,한국어,,,일본어 LE와 terminologist의 의견을 들어보면 좋을 것 같은데,,Spotify,,우리는 best practice를 정리해 줄 필요가 있는 것 같습니다.\nJay said:\n> We have a cities table that is updated from time to time (infrequently,,,,. 일반적으로 고유명사는 발음되는 대로 번역을 하고,,본 필터를 완전히 i18n하기 위에서는 CultureFlipper의 고유명사와 보통명사 번역의 기준을 먼저 파악한후 Chartmetric에게 그 기준에 따른 작업을 요청해야 함. Chartmetric쪽에 각각의 filter item들이 무엇을 의미하는지 파악하는 것이 필요할 수도 있음.\nCultureFlipper의 고유명사와 보통명사 번역의 기준에 따라 Filter item들과 동일한 고찰이 필요한 부분들이 있으며 그 예로 음악 플렛폼들이 있음 - Youtube,,,,,TikTok,,,,,,크리스의 의견을 부탁드립니다.\n\n---\n**2번**은 크리스가 먼저 정리해 주시면 감사하겠습니다. 최근 Jay의 슬랙 댓글에 따르면,,Amazon etc.\n\n이 부분에 대해서 스페인어
,,,,,,,,,,,,,,,,,,,,,,,,,,,,,,,,,,,,,,,,,,,,,,,,,,,,,,,,,,,,,,,,,,,,,,,,,,,,,,,,,,we also copy city names into the data itself that the BE just returns. For now,,,,,,,,,,,,,,,,,,and for various tables and indexes,,let’s keep things simple and not over-engineer this. It’s possible we can release with an initial solution/workaround for city names that we improve/replace later. I’d like to wrap up spanish translation asap.\n\n---\n**3번**은 저(네이선,,,,,,,,,,,,,
,,,,,,,,,,,,,,,,,,,,,,,,,,,,,,,,,,,,,,,,,,,,,,,,,,,,,,,,,,,,,,,,,,,,,,,,,,,,,,,,,,,,,,,,,,,,,,,,,,,,이 먼저 작성 후 크리스에게 검토 부탁드리겠습니다.\n\n---\n**[Working Doc]**\nCF\'s working doc for Batch 1-2: https://docs.google.com/document/d/1SaUp9W3P4O01liDjr6Uq_l4KNUa3E0C2IiCGOiG2buo/edit\n\n---\n**[Note]**\nChris\'s working doc: https://docs.google.com/document/d/1kuDELcit7J9i6HUsXYbQEhMxONweK9gxCsT5-KUlSRg/edit#\nChartmetric PL Debug Validation Batch 1-1 report (already submitted,,,,,,,,,,,,,,,
,,,,,,,,,,,,,,,,,,,,,,,,,,,,,,,,,,,,,,,,,,,,,,,,,,,,,,,,,,,,,,,,,,,,,,,,,,,,,,,,,,,,,,,,,,,,,,,,,,,,": https://docs.google.com/document/d/1KLOLNBWuGyaFjNkM1-ltgmBA1En_2mrTwf6ctEQDhT4/edit\n\n\n\n\n',0,2536546,349923,'2023-12-14 22:46:10',349923,NULL,2003,'new','2023-05-30','2023-06-01',0,NULL,NULL,NULL,NULL,NULL,'2023-05-30 05:22:28',NULL,0,NULL,NULL,0,'2023-05-30 06:17:04',0,'TEXT',NULL,NULL,NULL,0,'2023-06-01'),(31872946,383455,'','',0,2536547,349923,'2023-04-06 03:06:40',349923,NULL,2000,'newTaskDefaults',NULL,NULL,0,NULL,NULL,NULL,NULL,NULL,'2023-04-06 03:06:40',NULL,0,NULL,NULL,0,'2023-04-06 03:06:40',0,'TEXT',NULL,NULL,NULL,0,NULL),(31954027,383455,'[Moloco] Pseudo Loc Test - Project set up','(+Todd and Sophia for vis",,,,,,,,,,,,,,,
,,,,,,,,,,,,,,,,,,,,,,,,,,,,,,,,,,,,,,,,,,,,,,,,,,,,,,,,,,,,,,,,,,,,,,,,,,,,,,,,,,화면 목록 작성 및 대략적인 소요 시간을 산정해야 될 것 같습니다.\n승호 님과 일정 및 비용에 대한 논의를 진행하기 위함입니다.\n\n---\n**[Chris]**\n크리스 안녕하세요?\n* 몰로코 RMP Portal의 Storybook 사이트를 먼저 살펴봐 주십시오.\n프론트엔드 콤포넌트들과 어드민 및 서비스 화면들의 목록과 규모를 확인하실 수 있습니다.\n2번에 공유해 드린 데모 웹앱에서 모든 화면을 찾기가 어렵기 때문에 규모 확인에는 스토리북이 좋을 것 같습니다.\n접속: https://rmp-portal-storybook.vercel.app/   P/W: costarica12!\n  \n	\n* 실제 서비스와 동일한 데모 웹앱을 확인해 주십시오. 이 데모에 PL 패키지가 적용되어 있으며 English를 선택하면 PL이 나옵니다.\n접속: https://rmp-portal-pl-test-git-gihyeon-setup-pl-test-env-moloco.vercel.app/ \nplatform id: CULTURE_FLIPPER \nID: leadpm@cultureflipper.com\nP/W: cultureflipper2023!\n  \n	\n* 크리스에게 아래 4개(1,,,,,,,,,,,,3-1,,,,,,\n\n몰로코의 RMP 포탈에 대한 PL 테스트 프로젝트를 시작하기 위한 준비 태스크입니다.\n\n현재 PL package가 적용된 RMP 데모 환경을 제공받았습니다.\n이 화면들을 살펴보고,,2,,,,,3-2,,,,,,,,
0,,,0,2025-07-29 08:02:53,0,TEXT,,,,0,'2024-04-11'),(36170406,383455,Thrive JA Glossary Check,"'日本語のGlossaryをTransifexに登録する前に、日本語版のGTに変更したい個所がないか、確認したいそうです。\n現在のグロサリーを確認して、登録前に変更したいTermを教えていただけますか。変更したいTermをコメントで機能で教えていただけたら、私のほうで修正を反映して先方に提出します。また、Contextがないと判断できないものが大半かと思います。「これはちょっと・・・」という単語だけこの段階で変更し、以降は翻訳しながら調整していく、というのでよいかと思っています。\n\nどうぞよろしくお願いします！\n\nhttps://docs.google.com/spreadsheets/d/1UY8XlE0PFyQE_-dkOOCykWdTeSZx8vaIfa2Esev6q40/edit#gid=134217799\n\nContext:\nRe: the glossary English v Katakana question -- please disregard the terms left in English. Always You, Hello Sunshine and Moment to Yourself will never come up and are very outdated. Apologies for that confusion! I will defer to your expertise on rendering the items like \""Thrive for Call Center\"", \""Thrive for Chat\"", \""Thrive for Web\"", etc. If you need more context on what those are (basically channels via which Thrive products can be served), I\'m always here to help.',100,2718079,572705,'2025-07-29 08:02:53',327950,572705,2004,'completed','2024-04-12','2024-04-16',0,NULL,NULL,NULL,NULL,'2024-04-30 06:12:49','2024-04-12 22:16:36',NULL,0,NULL,NULL,0,'2025-07-29 08:02:53',0,'TEXT',NULL,NULL,NULL,0,'2024-04-15'),(36172210,383455,'10Apr24 Transifex Strings (373 words)','Task : 10Apr24 Transifex Strings\nDue: Due COB PDT Tuesday",April 16 (JSTで17日（水）朝9時Dueです）\n\nhttps://docs.google.com/spreadsheets/d/1TtMuKkywUocODA0T5RIHfpK3TjiBQ01-i8rxBHbfV2c/edit#gid=1676616042\n\nEmail from Paul＝＝＝\nA project of new Microsteps (~375 TWC,"please ping me separately with questions on this! We can also have a meeting to review this week.)\n\nAn image of \""babbling brook\"" in the achievements-graphapi (items that can be added or bought in the garden) to follow shortly.\n\n**Due**:\n\n***thrive-web-onboarding* strings due by noon PDT Friday",April 5,for all languages.**\n\n**All other strings due by noon PDT Monday,April 8,"for all languages.**\n',100,2718079,572705,'2025-07-29 08:02:53',327950,572705,2001,'completed','2024-04-04','2024-04-08',0,NULL,NULL,NULL,NULL,'2024-04-30 06:12:54','2024-04-04 23:49:41',NULL,0,NULL,NULL,0,'2025-07-29 08:02:53',0,'TEXT',NULL,NULL,NULL,0,NULL),(36123535,383455,'8Apr24 Transifex Strings','[https://docs.google.com/spreadsheets/d/1TtMuKkywUocODA0T5RIHfpK3TjiBQ01-i8rxBHbfV2c/edit#gid=1676616042](https://docs.google.com/spreadsheets/d/1TtMuKkywUocODA0T5RIHfpK3TjiBQ01-i8rxBHbfV2c/edit#gid=1676616042)\n\nA new batch of strings",tagged 8Apr24,is ready to go in Transifex.  \nOXO to provide WC analysis,please.  \nFull MTPE for all languages.  \nAll languages due noon PDT Thursday,April 11.  \nAny questions,"please let me know.\n\nInstruction for mandatory sharing with translators:  \nCreative translation required for the new classification levels in thrive-achievements-graphapi repo. There are new \""prize\"" levels being awarded to users based on the frequency of particular actions with Thrive content (i.e. Wisdom Warrior",Habit Hero,Course Conqueror,"etc). As you\'ll note from the English, there\'s a pattern of playful alliteration here. Please try to maintain that sense of playfulness in your language as you translate these. I\'ve attached an image showing what each new level corresponds to in terms of user behavior.\n'",100,2718079,572705,2025-07-29 08:02:53,327950,572705,2002,completed,2024-04-09,2024-04-11,0,,,,,2024-04-30 06:12:52,2024-04-08 21:39:36,,0,,,0,2025-07-29 08:02:53,0,TEXT,,,,0,'2024-04-11'),(36124157,383455,8Apr24Microstep Transifex Strings + LocalRevampCheck Strings,"**こちらは、66Strings（1193 Words）、マイクロステップの翻訳です。**\n\n[https://docs.google.com/spreadsheets/d/1TtMuKkywUocODA0T5RIHfpK3TjiBQ01-i8rxBHbfV2c/edit#gid=1676616042](https://docs.google.com/spreadsheets/d/1TtMuKkywUocODA0T5RIHfpK3TjiBQ01-i8rxBHbfV2c/edit#gid=1676616042)\n\nA new batch of strings, tagged 8Apr24Microsteps, is ready to go in Transifex.\n\nWC analysis attached for all languages -- no need for OXO to provide on this project.  \nFull MTPE for all languages, please.  \n**Due COB PDT Thursday, April 11**\n\nMandatory instructions to be shared with translators:  \nThere are items in this batch related to food recommendations and checking a credit score. These must be liberally reinterpreted as needed to reflect local norms. Direct translation of the Microstep re: checking your credit score is prohibited.  \nPlease also reassess the two Microsteps tagged LocalRevampCheck. Those must be localized as well, and many locales have information about FSA / HSA savings accounts, which are only understood in the context of the US, and a direct translation of the item on \""half-plate rule\"". Creative reminaging of health savings accounts or flexible savings accounts with local norms is required as is how local norms might reflect not overeating at a restaurant.\n",100,2718079,572705,2025-07-29 08:02:53,327950,572705,2003,completed,2024-04-09,2024-04-11,0,,,,,2024-04-30 06:12:51,2024-04-08 21:49:26,,"스토리북 구조로 리스트를 만들면 될까요?\n아니면 실제로 PL이 적용된 데모앱의 화면 url를 따라서 만드는게 좋을까요?\n\n2/ 몰로코는 차트메트릭보다는 훨씬 나은 상황일 것 같습니다(이미 독일어판이 운용중이기 때문에).\n몰로코 PL 테스트에 들어갈 시간을 어느 정도로 제안하면 좋을지 의견 부탁드립니다.\n\n3/ 몰로코의 기현님이 슬랙에서 보낸 질문들이 있는데 여기에 옮깁니다. 이에 대해 의견 주시면 제가 정리해서 한국 월요일에 보내겠습니다.\n3-1/ PL 패키지 관련: **[기현]** \""패키지 사용에 대해 궁금한점이 하나 있는데요. i18n initialize 할때 pseudo 를 초기화 해서 넘겨주는거 같은데, 언어가 변경될때마다 새롭게 초기화를 시켜주어야하나요? 아니면 특정 언어에 대해서 한번만 초기화를 하면 될까요? 후자 (하나의 언어에 대해서만 초기화함)라면 언어를 바꾸었을땐 pl 모드로 보여지지 않을거 같습니다. 하나의 언어에 대해서만 pl 모드가 가능하도록 해도 괜찮지 않을까 싶긴한데, 확인한번 부탁드리겠습니다\""\n\n3-2/ **[기현]** \""안녕하세요? 각 언어별 json 파일 관리에 대해 질문드리고 싶은게 있습니다.\n원래는 여러개로 나누어져 있던 json 파일을 관리의 용이성, 중복 방지 등의 이유로 하나의 파일로 합쳤었는데요. 이덕에 앞서 말씀드린 문제들을 해결할수 있었지만, code repo와 asset resource repo 사이에 sync를 맞출때 merge conflict이 빈번히 발생하게 된거 같습니다. conflict이 발생한것은 sync를 맞출때 엔지니어가 확인하면 되는 것이긴 하지만, 파일 사이즈가 꽤나 커서 이것 역시도 관리하기 힘든것 같구요. 그래서 json 파일을 다시 분리해 이를 해결해보면 어떨까 하는데요. 혹시 파일을 다시 분리하였을때 culture flipper 분들께서 우려되시는 점이 있으실까요?\""\n이에 대해서 제가 아래와 같이 간략하게 답을 했는데",March 13 (8am JST Thursday,please. (CultureFlipper,etc.\n\nOur video team often splices in stock video samples at different points in the video that might show people reviewing bills,2건의 핵심 서비스는 정해졌으므로(앱스토어 현지화,"PL test에 대한 실무 설명 및 견적 제안 정리하여 승호 님께 공유하기.\n시간이 부족하면 우선 준비되는 것부터.\n\n---\n그럼 잘 부탁드립니다. 비용 제안에 성공해서 잘 시작할 수 있으면 좋겠습니다! (꼭 해야죠!ㅎ)\n',0,2536547,349923,'2023-12-14 22:39:42',349923,NULL,2001,'new','2023-04-14','2023-04-17',0,NULL,NULL,NULL,NULL,NULL,'2023-04-14 13:22:09',NULL,0,NULL,NULL,0,'2023-04-14 13:24:42',0,'TEXT',NULL,NULL,NULL,0,'2023-04-17'),(31925964,383455,'','',0,2539177,349923,'2023-04-12 13:43:01',349923,NULL,2000,'newTaskDefaults',NULL,NULL,0,NULL,NULL,NULL,NULL,NULL,'2023-04-12 13:43:01',NULL,0,NULL,NULL,0,'2023-04-12 13:43:01',0,'TEXT',NULL,NULL,NULL,0,NULL),(31926200,383455,'[CF Web] Contents - Creating the first three blog articles','컬플 웹사이트에 탑재할 첫 3개의 블로그 아티클을 완성하는 태스크입니다.\n\n---\n**순서 및 일정(안)**\n1. 주제 발굴하기 - 4/13 EOD PDT - 소피아\n	- 기존에 작성된 자료를 토대로 요약","페이지에 들어갈 재료가 될 텍스트들을 작성 또는 모아주십시오.\n	- 일반 서비스 페이지까지 한꺼번에 고민하기에는 부담스러우므로 우선 핵심 서비스 부터 작성해 보겠습니다.\n\n4. 초안 만들기 - Schedule & assignee TBD\n5. 다시 쓰기 - Schedule & assignee TBD\n6. 검토 및 확정 - Schedule & assignee TBD\n\n---\n**Note**\n서비스 페이지 개발은 별도 일정과 태스크로 진행하겠습니다. (4/25 목표)\n\n',0,2539177,349923,'2023-04-18 01:45:24',349923,NULL,2002,'new','2023-04-13','2023-04-14',0,NULL,NULL,NULL,NULL,NULL,'2023-04-12 14:18:46',NULL,0,NULL,NULL,0,'2023-04-12 14:31:46',0,'TEXT',NULL,NULL,NULL,0,'2023-04-14'),(31927693,383455,'[CF Web] Contents - Defining Service categoreis','컬플 웹사이트에 사용할 \""서비스\""를 구조화하는 태스크입니다.\n\n---\n컬플은 매우 다양한 종류의 서비스를 제공해오고 있는데",태국어 번역을 채우는 작업을 별도로 진행해야 할 것 같습니다. 개발 측면에서는 현재 구성되어 있는 미들웨어를 일부 수정을 해야 될 것 같은데요,공식적으로 확정된 이름 없이 임의로 서비스 이름을 만들어서 사용하는 경우가 많은 것 같습니다.\n이제 컬플 웹에 서비스 페이지도 오픈해야 하고,유저의 직접적인 행동을 유도할 수 있는 페이지를 구상하고자 합니다.\n	- 소피아의 의견을 바탕으로 페이지 기획(디자인+기능)을 부탁드립니다.\n	- 네이선이 많이 도와드리겠습니다.\n\n3. 콘텐츠 모으기 - 4/19 EOD PST - 소피아\n	- 디자인이 되기 전이지만,특히 번역 완료된 파일들을 몰로코 레포에 커밋하기 전에 json 파일 형식을 맞추는 post-process가 있는데 이 부분의 수정이 조금 필요할 것 같습니다. 지금은 resource와 email 두 건인데,네이밍 등)\n		- 일반 서비스 페이지 - 1 페이지에 여러 서비스를 나열하여 소개. 크게는 Linguistic 과 Engineering 서비스로 나눌 수 있을 것 같습니다.\n\n2. 소피아 의견 참고하여 페이지 디자인 - 4/19 EOD EST - 크리스 (w/ 네이선)\n	- 컬플의 핵심 서비스를 소개하고,관련 작업들이 조금 필요할 것 같습니다. 번역 태스크 측면에서는,for example,재구성할 수 있는 주제를 3건 선정해 주세요. 더 많은 주제를 적어두고 그 중에서 골라도 좋을 것 같습니다.\n	- 일단은 글 완성까지의 속도가 중요하므로 새로운 컨텐츠를 만드는 것은 4회 이후에 시도하겠습니다.\n	- 영어로 500~800 워드 정도의,"영상 등 포함 가능)\n	- 태그(글 카테고리)\n\n\n',0,2539177,349923,'2023-06-30 15:23:19',359511,NULL,2001,'new','2023-04-12',NULL,0,NULL,NULL,NULL,NULL,NULL,'2023-04-12 14:01:09',NULL,0,NULL,NULL,0,'2023-06-30 15:23:19',0,'TEXT',NULL,NULL,NULL,0,'2023-04-13'),(31926874,383455,'[CF Web] Contents - Service page planning & writing','컬플 웹사이트에 탑재할 서비스 페이지를 기획하고 내용을 작성하는 태스크입니다.\n\n---\n**순서 및 일정(안)**\n1. 컨셉 레퍼런스 모으기 - 4/14 EOD PDT - 소피아\n	- 참고할만한 레퍼런스 페이지(링크)와 각 페이지에서 참고했으면 하는 부분(좋은 부분)을 설명해 주세요.\n	- 서비스 페이지의 구조에 대해 의견을 공유해 주세요. 연필로 그려주셔도 되고","About Culture Flipper 등의 기존 자료를 바탕으로 정리를 해보면 될 것 같습니다.\n1. 1차 정리하기 - 4/18 KST - 네이선\n2. 리뷰 - 4/19 KST - 소피아 & 네이선\n\n---\n예를 들어 현재 CF web의 Connect 페이지의 서비스 구분을 보면 상당히 혼란스럽습니다..\n* Marketing Copywriting\n* Editing/Proofreading\n* Script Transcreation\n* Graphic Novel Transcreation\n* Art & Museum Transcreation\n* Interactive/ Gaming Transcreation\n* Metadata/UI Localization\n* Legal Translation\n* Dubbing\n* General Timed Text/Subtitling\n* Closed Captioning\n* Typography Localization\n* Desktop Publishing\n* Other (Please specify)\n',0,2539177,349923,'2023-05-17 00:37:05',349923,NULL,2003,'new','2023-04-12','2023-04-19',0,NULL,NULL,NULL,NULL,NULL,'2023-04-12 14:43:21',NULL,0,NULL,NULL,0,'2023-04-12 14:43:21',0,'TEXT',NULL,NULL,NULL,0,'2023-04-19'),(38410473,383455,'[CF Web V2] WP - Collecting/Updating content & structure issues','CF Web V2 Update Issues\nhttps://docs.google.com/presentation/d/1BRX6rc_stjia4rgBf6W2VPwnlvgjWimF19frjIJSyek/edit?usp=sharing',0,2539177,581205,'2024-11-26 01:50:50',581205,NULL,2004,'new','2024-11-25',NULL,0,NULL,NULL,NULL,NULL,NULL,'2024-11-26 01:26:44',NULL,0,NULL,NULL,0,'2024-11-26 01:26:44',0,'TEXT',NULL,NULL,NULL,1,NULL),(32009194,383455,'','',0,2544002,116412,'2023-04-20 01:39:10',116412,NULL,2000,'newTaskDefaults',NULL,NULL,0,NULL,NULL,NULL,NULL,NULL,'2023-04-20 01:39:10',NULL,0,NULL,NULL,0,'2023-04-20 01:39:10',0,'TEXT',NULL,NULL,NULL,0,NULL),(35845689,383455,'','',0,2718079,572705,'2024-03-10 22:40:48',572705,NULL,2000,'newTaskDefaults',NULL,NULL,0,NULL,NULL,NULL,NULL,NULL,'2024-03-10 22:40:48',NULL,0,NULL,NULL,0,'2024-03-10 22:40:48',0,'TEXT',NULL,NULL,NULL,0,NULL),(35845716,383455,'Translation Test','Service Website : [https://thriveglobal.com/](https://thriveglobal.com/)  \n画面右のLog Inからログインしてください。  \nID：[mamis@cultureflipper.com](mailto:mamis@cultureflipper.com)  \nPass : Flippingculture\\@2024\n\nWorking Doc：  \nhttps://docs.google.com/spreadsheets/d/1Tx0Bcu64-Q050lngDXvF8SdxQ91qzg-V/edit?usp=sharing&ouid=109664032321661305752&rtpof=true&sd=true\n\nInstruction from Paul：  \n[https://docs.google.com/document/d/1OupOW1ITfwRggKNgXhwDYZq33KJR-lqH28V3Q2blVqE/edit](https://docs.google.com/document/d/1OupOW1ITfwRggKNgXhwDYZq33KJR-lqH28V3Q2blVqE/edit)\n\n**This test is due by 4pm PDT Wednesday",a primer for users in improving their relationships with their finances,질문에 대한 의견을 구합니다. 가능하시면 4/14 중에 답 주시고 주말을 맞이하시면 너무 감사하겠습니다! =)\n  \n1/ 차트메트릭과 같은 PL 테스트 트래커 시트를 만들려고 하는데,편한 방법으로 주십시오. 이것은 필수는 아닙니다.\n	- 서비스 페이지는 두 가지 타입이 있을 것 같습니다. \n		- 핵심 서비스 페이지 - 1 페이지에 하나의 서비스만 강조하여 소개 (앱스토어 다국어 번역,혹시 추가하실 의견 있으시면 알려주시면 감사하겠습니다.\n> **[네이선]** 안녕하세요! 그런 상황이 있군요. 이해했습니다. 몰로코의 상황에 맞추는게 맞기 때문에 우려되는 점은 없습니다만,is ready to go in Transifex.\n\n**Please prioritize the strings in *thrive-web-onboarding*.**\n\nCláudia to provide the WC analysis for everyone as able.\n\n**Workflow/Notes**:\n\nFull MTPE,or engaged in conversation. These are soundless background,"March 14).**\n\n［Translation Testのプロセス］\n▽ 翻訳：Mami\n▽コピーエディティング : Hirotakaさん\n▽必要な個所のマーケティングコピー：Mami＆Hirotakaさん\n▽提出資料の作成：Mami\n◇Done！',100,2718079,572705,'2025-07-29 08:02:53',327950,572705,1999,'completed','2024-03-10','2024-03-13',0,NULL,NULL,NULL,NULL,'2024-03-27 05:00:27','2024-03-10 22:44:44',NULL,0,NULL,NULL,0,'2025-07-29 08:02:53',0,'TEXT',NULL,NULL,NULL,0,NULL),(35945585,383455,'Cultural Perspective: Japan & Portrayals of LGBT Couples','**Instructions:** \nPlease provide your thoughts on the following request regarding cultural sensitivities\n\n====================================================\n\n**Deadline:**\nMarch 20th or March 21st EOD JST\n\n====================================================\n\n**Delivery of response to client:** Mami\n\n====================================================\n\n**Context (Thrive Global):**\nWe have a bit of a sensitive cultural issue on which we\'d love to understand your candid opinion if you might be willing to share your thoughts with us as we begin to ramp up.\n\nWe\'re currently preparing to launch a course that has been commissioned by Takeda called *Thriving Money*",네이밍),파일을 분리하면,tagged *3Apr24*,서비스 이름에 대한 개념이 확실해야 유저/고객과의 소통에 오해가 최소화 될 것이기 때문에 이제 정리(1차 확정?)를 한번 해야 할 것 같습니다. 그리고 서비스를 범주화하고 위계를 정하는 것도 필요할 것 같습니다.\n\n아주 어려운 작업은 아닐 것 같고,"almost \""filler\"" clips called the \""B roll\"". \n\n**The question:**\n\n2-3 of the clips throughout the course stock footage that we\'ve proposed using feature what clearly appear to be gay couples and lesbian couples.\n\nAs Takeda is our core audience for the course launch, we are curious how this would be perceived in Japan.**Would this broadly be seen as offensive or distracting?**\n\nA core value in (most of) the US corporate world is representation of diversity, and - while we at Thrive committed to that - we also want to make sure that inclusion of LGBT couples wouldn\'t be so odd or off-putting as to be distracting for Japanese viewers.\n\nPlease be candid on this from a Japan perspective and let us know what you think.\n\n=====================================================\n',100,2718079,359511,'2025-07-29 08:02:53',327950,572705,2000,'completed','2024-03-19','2024-03-20',0,NULL,NULL,NULL,NULL,'2024-03-20 12:25:54','2024-03-19 22:05:14',NULL,0,NULL,NULL,0,'2025-07-29 08:02:53',0,'TEXT',NULL,NULL,NULL,0,'2024-03-20'),(36019754,383455,'General Tasks / Meetings and Manuals','This task is for logging general tasks other than regular tasks.\n\n\\*\\*\\[Glossary] \\*\\*\\*先方のリンクです  \n[https://docs.google.com/spreadsheets/d/1UNIgc6TgIP8RXpXzCkqiZugLJkXysebI/edit#gid=1898636092](https://docs.google.com/spreadsheets/d/1UNIgc6TgIP8RXpXzCkqiZugLJkXysebI/edit#gid=1898636092)\n\n［Style Guide］  \n[https://docs.google.com/document/d/1dFtzlfPA5utcEibJ0JpJAEJFSnC7fmba/edit?usp=sharing\\&ouid=109664032321661305752\\&rtpof=true\\&sd=true](https://docs.google.com/document/d/1dFtzlfPA5utcEibJ0JpJAEJFSnC7fmba/edit?usp=sharing\\&ouid=109664032321661305752\\&rtpof=true\\&sd=true)\n\n**\\[How to use Transifex]**  \n[https://thriveglobal.zoom.us/rec/share/AYRdIJznCT\\_lFwpGsI0uMaYTN5d9u2ch0tcfa3zDwe14XqH6HpET-a\\_mm\\_2fBj4S.kvLDUtgtx6L3UUeR?startTime=1711497752000](https://thriveglobal.zoom.us/rec/share/AYRdIJznCT_lFwpGsI0uMaYTN5d9u2ch0tcfa3zDwe14XqH6HpET-a_mm_2fBj4S.kvLDUtgtx6L3UUeR?startTime=1711497752000)\n\nPasscode: #Ct@#L3%\n\n\\[How to use ]\n',0,2718079,572705,'2025-08-28 05:02:47',327950,NULL,1997,'new',NULL,NULL,0,NULL,NULL,NULL,NULL,NULL,'2024-03-27 05:01:13',NULL,0,NULL,NULL,0,'2025-07-29 08:02:53',0,'TEXT',NULL,NULL,NULL,0,NULL),(36099834,383455,'3Apr24 Transifex Strings','|                                        |       |        |        |        |        |         |           |\n| -------------------------------------- | ----- | ------ | ------ | ------ | ------ | ------- | --------- |\n| **Files**                              | Reps  | 100%   | 95-99% | 75-94% | 60-74% | New     | **Total** |\n| thrive-achievements-graphapi: 1 string | 0     | 0      | 0      | 0      | 0      | 2       | **2**     |\n| thrive-slack: 2 strings                | 0     | 0      | 0      | 0      | 0      | 16      | **16**    |\n| thrive-web-achievements: 3 strings     | 0     | 0      | 0      | 0      | 3      | 63      | **66**    |\n| thrive-web-onboarding: 13 strings      | 0     | 0      | 8      | 32     | 0      | 43      | **83**    |\n| thrive-web-reset: 3 strings            | 0     | 17     | 0      | 0      | 5      | 1       | **23**    |\n| **Total**                              | **0** | **17** | **8**  | **32** | **8**  | **125** | **190**   |\n\n[https://docs.google.com/spreadsheets/d/1TtMuKkywUocODA0T5RIHfpK3TjiBQ01-i8rxBHbfV2c/edit#gid=1676616042](https://docs.google.com/spreadsheets/d/1TtMuKkywUocODA0T5RIHfpK3TjiBQ01-i8rxBHbfV2c/edit#gid=1676616042)\n\n＝＝＝\n\nA new batch of strings",가능한 빠르게 진행할 수 있으면 좋겠습니다.\n\n---\n**블로그 글의 구성 요소**\n	- 제목\n	- 저자\n	- 저자 title\n	- 저자 사진\n	- 본문 (이미지,독자의 부담이 없는 길지 않은 글을 작성하면 좋겠습니다.\n\n2. 주제 및 간략한 개요(방향성) 확정 - 4/14 EOD PDT - 소피아 & 네이선\n3. 초안 작성 - 4/18 EOD PDT - 네이선 & KO/US team\n4. 다시 쓰기 - 4/21 EOD PDT - US team\n5. 검토 및 확정 - 4/26 EOD PDT - 소피아 & US team\n6. 블로그 페이지 오픈 - 4/28 KST\n\n---\n**Note**\n3번 이후의 일정 계획은 유동적이며,챙겨야 되는 파일이 늘어나니 이 부분을 업데이트가 필요하겠습니다.\n\n---\n**[Nathan]**\ndue 4/17 KST \n질문에 대한 답변과,managing money stress,CAT툴에서 실제 번역 태스크를 진행할 때 업데이트된 파일만 구분해서 작업하면 되니 장기적으로 관리가 간편해지는 장점이 있을 것 같습니다. 다만 처음 1회에 한해서 새로 만들어진 json파일들에 독일어
,,,,,,,,,,,,,,,,,,,,,,,,,,,,,,,,,,,,,,,,,,,,,,,,,,,,,,,,,,,,,,,,,,,,,,,,,,,,,,,,,,tagged 10Apr24.\n\nYou\'ll note that I\'ve prepopulated the segments (unreviewed,,,,,,,,,,,,,,,,,,is now ready to go for you in Transifex,,,,,,,,,,,,,,,
,,,,,,,,,,,,,,,,,,,,,,,,,,,,,,,,,,,,,,,,,,,,,,,,,,,,,,,,,,,,,,,,,,,,,,,,,,,,,,,,,,,,,,,,,,,,,,,,,,,,with a try at Transifex\'s new AI feature. We\'re still going Full MTPE here (no change,,,,,,,,,,,,,,,
,,,,,,,,,,,,,,,,,,,,,,,,,,,,,,,,,,,,,,,,,,,,,,,,,,,,,,,,,,,,,,,,,,,,,,,,,,,,,,,,,,but beginning to experiment with this / training it / seeing if we get better base output than via DeepL in the end.\n\nStill expecting a thorough review + modifications and enhancements (or overhauls!,,,,,,,,,,,,,,,,,,,,,,,,,,,,,,,,,
,,,,,,,,,,,,,,,,,,,,,,,,,,,,,,,,,,,,,,,,,,,,,,,,,,,,,,,,,,,,,,,,,,,,,,,,,,,,,,,,,,April 16,,,,,,,,,,,,,,,,,,where needed. Any American-themed entries must be adapted for local relevance as always.\n\nWC analysis attached -- no need for OXO to provide.\n\nDue COB PDT Tuesday,,"please.',100,2718079,572705,'2025-07-29 08:02:53',327950,572705,2005,'completed','2024-04-12','2024-04-16',0,NULL,NULL,NULL,NULL,'2024-04-30 06:12:43','2024-04-13 22:21:01',NULL,0,NULL,NULL,0,'2025-07-29 08:02:53',0,'TEXT',NULL,NULL,NULL,0,'2024-04-16'),(36229660,383455,'18Apr24 Transifex Strings (294 words",,,,,,,,,,,,,
,,,,,,,,,,,,,,,,,,,,,,,,,,,,,,,,,,,,,,,,,,,,,,,,,,,,,,,,,,,,,,,,,,,,,,,,,,,,,,,,,,tagged *18Apr24,,,,,please,,"by noon PDT for all languages\n',100,2718079,572705,'2025-07-29 08:02:53',327950,572705,2006,'completed',NULL,NULL,0,NULL,NULL,NULL,NULL,'2024-04-30 06:12:41','2024-04-19 01:45:28',NULL,0,NULL,NULL,0,'2025-07-29 08:02:53',0,'TEXT',NULL,NULL,NULL,0,NULL),(36229819,383455,'Takeda Movement Challenge Assets - FAQs",,,Comms,,please. There are \\~300 TWC in this batch,,on your TMS of record.\n\nThere are three assets that require translation: an FAQ document,,,,"','email from Paul :\\\n\\\nA new batch of strings",,*is ready to go in Transifex.\n\nFull MTPE for all languages,,,,,"and Feng to provide WC analysis as able.\n\nYou\'ll note that the *thrive-cms-production* strings are once again populated by AI. We\'re going to continue with this pilot to \""train\"" the engines to see if we can\'t begin to see some better output. I know the de-DE and pt-BR teams were not excited about the initial output, but the goal is for this to improve in a way that MT wouldn\'t. This isn\'t necessarily permanent, but it is what we\'re going to do on some work for now.\n\nDue: Tuesday",,,,,a communications toolkit and a table tent document. All are attached to this email.\n\n\\[Bracketed] items are to be left in English/untranslated. (I\'m confirming whether BioLife and GMS/GQ - and particularly the descriptions that come after them - are DNT. I\'ll report back shortly.,"Table Tent','★SmartCatにタスクを作成しました：\nhttps://us.smartcat.com/projects/fdf71656-9557-416e-a55a-0e76e6454847/tasks/6d0dde8b-fdb8-4829-a6b5-1b4ab0229cc8\n\n１）SmartCatで翻訳をお願いします。\n２）Translation Submitが完了したら、お知らせください。\n※Glossary Termに関しては、月曜日までに私のほうでSmartCatに登録いたします。\n\n\nemail from Paul:\n\nA new project is ready to go for you and Hiro to be processed",,April 23
,,,,,,,,,,,,,,,,,,,,,,,,,,,,,,,,,,,,,,,,,,,,,,,,,,,,,,,,,,,,,,,,,,,,,,,,,,,,,,,,,,and all terminology that may be associated with it,,,,,,,,,,,,please let me know.\n\nThis is approximately 2500 words,,,,,,\n\nThe name of the Healthy Movement Challenge,,must correspond with what\'s on the platform. You can see the Challenge by going to the platform directly or searching for the Challenge\'s name in Transifex string search. If any questions on this point,,,,,and I\'d like translation and translator review (with MT leveraged or not at your discretion,,,,,,,,
,,,,,,,,,,,,,,,,,,,,,,,,,,,,,,,,,,,,,,,,,,,,,,,,,,,,,,,,,,,,,,,,,,,,,,,,,,,,,,,,,,April 25.\n\nAny questions,,,,,,,,,,,,,,,,,,by COB PDT next Thursday,,please let me know.\\\n\\\n\\===\\\nPlease feel free to use SmartCat (this was to be on your TMS of choice :,,,,,,,,,,,,,
TEXT,,,,0,NULL),(36326541,383455,［ご相談タスク］ジャーニーの名称について,'Hirotakaさん\\\n\\\n先方より、各ジャーニーの名称に関する相談を受けています。\n\n現在のサイトでは主にカタカナで表示されていますが、もっと日本語にしたほうがよいとの理由で、Suggestionのほうに変更したそうです。(Transifexには現在、Suggestion の訳が入っていますが、エンジニアが忙しく、まだ変更がサイトには反映されずにいるそうです）\\\n![image.png](https://s3.amazonaws.com/tw-inlineimages/383455/0/0/c2082827bc929ac041393eb14c90c274.png,,,,,,,,,0,NULL),(36298911,383455,25Apr24 Transifex Strings (228 Words),"CMS Strings 以外：PDT Monday, April 29\nCMS Strings：start of business PDT Wednesday, May 1.\n＊MT機能を利用した上での翻訳をお願いします。\n\nFiles：\nthrive-slack: 3 strings\nthrive-web-achievements: 11 strings\nthrive-web-challenges: 1 string\nthrive-cms-production: 6 strings\n\n＝＝＝＝＝＝＝＝＝＝＝＝＝＝＝＝＝＝＝＝＝＝＝＝＝＝＝＝＝＝＝＝＝＝＝＝＝＝＝＝＝\nemail from Paul:\nA new batch of strings, tagged 25Apr24, is ready to go in Transifex.\n\nFeng to provide the WC analysis.\n\nFull MTPE w/ DeepL, please.\n\nPlease prioritize the non-CMS strings, ideally to be completed by start of business PDT Monday, April 29, and then move to the CMS strings, due by start of business PDT Wednesday, May 1.",100,2718079,572705,2025-07-29 08:02:53,327950,572705,2009,completed,2024-04-25,2024-04-29,0,,,,,2024-04-30 06:12:35,2024-04-26 00:36:29,,0,,,0,2025-07-29 08:02:53,0,TEXT,,,,0,'2024-04-29'),(36326173,383455,non-TMS Task: Loose Phrase Translation,"due date: Due 3pm PDT tomorrow, April 30.\n\nタケダのHMC（Healthy Movement Challenge）関連で、追加の翻訳依頼がきました。ちょぴっとだけですが、先方からの依頼内容を確認の上、Working DocのエクセルのJapaneseの列に訳を提出してください。\n\n\n\n先方より：\n\nThese are imperative statements that will be bulleted as part of the Takeda Healthy Movement Challenge comms and were omitted from the original documents.\n\nWorking Doc：\\\n[https://docs.google.com/spreadsheets/d/1l18NBdaqQlAiHNsXS-qYnLUNCx0ttQY5/edit#gid=1978973295](https://docs.google.com/spreadsheets/d/1l18NBdaqQlAiHNsXS-qYnLUNCx0ttQY5/edit#gid=1978973295)\n",100,2718079,572705,2025-07-29 08:02:53,327950,572705,2010,completed,2024-04-29,2024-04-29,0,,,,,2024-04-30 06:21:23,2024-04-30 01:19:14,,0,,,0,2025-07-29 08:02:53,0,April 23\n\n* All strings due by COB PDT Thursday,2024-04-23 01:16:45,,,0,572705,,"please. We\'ll pause our AI training for a moment with this project.\n\nFeng to provide the WC analysis, but please prioritize the two frontend strings from *thrive-slack* and *thrive-web-journeys*.\n\nDue Date:\n\n* Two small frontend strings by COB PDT tomorrow, April 23\n\n* All strings due by COB PDT Thursday, April 25\n\nNote:\n\n* In the new Microsteps, there once again is a credit score-related Microstep and one related to an oatmeal breakfast.\n\n  * For all languages in locales where credit scores are irrelevant, a creative modification of that content is *required*.\n\n  * For all languages in locales where oatmeal is not commonly eaten as a healthy fiber-rich breakfast, a local replacement is *required*.\n'",,2024-04-25,100,2024-04-22,April 23 |\n| thrive-web-journeys: 1 string     | 0     | 0     | 0      | 0      | 2      | 0        | **2**     | COB PDT tomorrow,0,2025-07-29 08:02:53,2008,2024-04-30 06:12:36,0,") and please do redeliver in a Word format in parallel with the source.\n\nThanks!\n',100,2718079,572705,'2025-07-29 08:02:53',327950,572705,2007,'completed','2024-04-19','2024-04-25',0,NULL,NULL,NULL,NULL,'2024-04-30 06:12:37','2024-04-19 02:17:53',NULL,0,NULL,NULL,0,'2025-07-29 08:02:53',0,'TEXT',NULL,NULL,NULL,0,NULL),(36257906,383455,'22Apr24 Transifex Strings (1133 words)','* Two small frontend strings by COB PDT tomorrow",completed,April 25\n\n＊MT機能を利用してください。\n\n＊短納期の案件は、Reviewステップまで完了してください。\n\n|                                   |       |       |        |        |        |          |           |                            |\n| --------------------------------- | ----- | ----- | ------ | ------ | ------ | -------- | --------- | -------------------------- |\n| **Files**                         | Reps  | 100%  | 95-99% | 75-94% | 60-74% | New      | **Total** | Due                        |\n| thrive-slack: 1 string            | 0     | 0     | 0      | 0      | 0      | 3        | **3**     | COB PDT tomorrow,,2025-07-29 08:02:53,,,April 23 |\n| thrive-cms-production: 57 strings | 0     | 0     | 0      | 10     | 14     | 1104     | **1128**  | COB PDT Thursday,TEXT,,0,572705,327950,2718079,,April 25 |\n| **Total**                         | **0** | **0** | **0**  | **10** | **16** | **1107** | **1133**  |                            |\n\n＝＝＝＝＝＝＝＝＝＝＝＝＝＝＝＝＝＝＝＝＝＝＝＝＝＝＝＝＝＝＝＝＝＝＝＝＝＝＝＝\n\nemail:\\\nFull MTPE on these with DeepL for all languages
,,,,,,,,,,,,,,,,,,,,,,,,,,,,,,,,,,,,,,,,,,,,,,,,,,,,,,,,,,,,,,,,,,,,,,,,,,,,,,,,,,,,,,,,,,,,,,,,,,,,\\\nせっかくＣＦと契約したし、まだSuggestionの訳がサイトに反映されていないので、これらの訳が適切かＣＦに相談したい！とのことでした。\\\n\\\n・・・前置きが長くなりましたが。\\\n各ジャーニーとしての適切な訳を提案してほしい！というご相談になります。\\\n\\\nこちらのWorking Docにもろもろまとめましたので、お時間があるときに、適切な訳をご提案いただけますでしょうか？オレンジの部分をご提案いただけると嬉しいです。よろしくお願いします！\n\n★Working Doc :\\\n[https://docs.google.com/spreadsheets/d/1uDEVzi5\\_9A47jkrDpBnQzH8Q9sckJdFCeC2dSUSIBq8/edit#gid=0](https://docs.google.com/spreadsheets/d/1uDEVzi5_9A47jkrDpBnQzH8Q9sckJdFCeC2dSUSIBq8/edit#gid=0,,,,,,,,,,,,,,,
,,,,,,,,,,,,,,,,,,,,,,,,,,,,,,,,,,,,,,,,,,,,,,,,,,,,,,,,,,,,,,,,,,,,,,,,,,,,,,,,,,May 3?\n\n★動画：[https://app.frame.io/presentations/003b6988-bd79-412f-bd93-a8e5f9adf977](https://app.frame.io/presentations/003b6988-bd79-412f-bd93-a8e5f9adf977,,,,,,,,,,,,,,,,,,"\n\n',100,2718079,572705,'2025-07-29 08:02:53',327950,572705,2011,'completed',NULL,NULL,0,NULL,NULL,NULL,NULL,'2024-05-08 00:39:38','2024-04-30 03:08:13',NULL,0,NULL,NULL,0,'2025-07-29 08:02:53',0,'TEXT',NULL,NULL,NULL,0,NULL),(36340601,383455,'Non-TMS: Intro to Resets Script - Japanese','動画のスクリプトの翻訳です。一部、画面上に表示されるテキスト（2行）もあります。\n\nWord count: 146 new words\n\ndue: start of business PDT Friday",,,,,,,,,,,,,,,
,,,,,,,,,,,,,,,,,,,,,,,,,,,,,,,,,,,,,,,,,,,,,,,,,,,,,,,,,,,,,,,,,,,,,,,,,,,,,,,,,,,,,,,,,,,,,,,,,,,,\n\n★Working Doc:　[https://docs.google.com/spreadsheets/d/1Jf5qyDFKK\\_ZDBote3Zk4gphubAG8foz0/edit#gid=1318864932](https://docs.google.com/spreadsheets/d/1Jf5qyDFKK_ZDBote3Zk4gphubAG8foz0/edit#gid=1318864932,,,,,,,,,,,,,,,
,,,,,,,,,,,,,,,,,,,,,,,,,,,,,,,,,,,,,,,,,,,,,,,,,,,,,,,,,,,,,,,,,,,,,,,,,,,,,,,,,,,,,,,,,,,,,,,,,,,,\n\n\n\n＊Paulからのメール：\n\nCould you on your proprietary TMS (or directly in the Google Sheet - your choice,,,,,,,,,,,,,,,
,,,,,,,,,,,,,,,,,,,,,,,,,,,,,,,,,,,,,,,,,,,,,,,,,,,,,,,,,,,,,,,,,,,,,,,,,,,,,,,,,,,,,,,,,,,,,,,,,,,,prepare and translate [this](https://docs.google.com/spreadsheets/d/1yizkxxS2Ggxe6bvkkDRPfVXMmi3PIueqZMCuV2-MKvQ/edit#gid=0,,,,,,,,,,,,,,,
,,,,,,,,,,,,,,,,,,,,,,,,,,,,,,,,,,,,,,,,,,,,,,,,,,,,,,,,,,,,,,,,,,,,,,,,,,,,,,,,,,the video this is drawn from is [here](https://app.frame.io/presentations/003b6988-bd79-412f-bd93-a8e5f9adf977,,,,,,,,,,,,,,,,,,script? For your reference,,,,,,,,,,,,,,,
,,,,,,,,,,,,,,,,,,,,,,,,,,,,,,,,,,,,,,,,,,,,,,,,,,,,,,,,,,,,,,,,,,,,,,,,,,,,,,,,,,if you could,,,,,,,,,,,,,,,,,,.\n\nPlease also,,provide the two phrases of on-screen text (rows 12 and 13 of the sheet,,,,,,,,,,,,,
,,,,,,,,,,,,,,,,,[April] End User Evaluation,'Conducting End user Evaluation for Thrive Global.\n\n［Top Line Report］[https://docs.google.com/presentation/d/1TxpjgVuB828vkeXqd5dqtvDIyX-UoXcd/edit#slide=id.p1](https://docs.google.com/presentation/d/1TxpjgVuB828vkeXqd5dqtvDIyX-UoXcd/edit#slide=id.p1,,,,,,,,,,,,,,,,,,,,,,,,,,,,,,,,,,,,,,,,,,,,,,,,,,,,,,,,,,,,,,,,"that\'d be marvellous!\n\nThink we could do this by the start of business PDT Friday, May 3?\n'",0,383455,,2024-05-28 06:31:47,completed,,327950,0,,572705,,2718079,,2024-04-30,,,0,,,100,(36352706,,2025-07-29 08:02:53,2024-05-01 01:15:22,572705,NULL),,0,0,2024-05-02,2012,TEXT,2025-07-29 08:02:53
,,,,,,,,,,,,,,,,,,,,,,,,,,,,,,,,,,,,,,,,,,,,,,,,,,,,,,,,,,,,,,,,,,,,,,,,,,,,,,,,,,,,,,,,,,,,,,,,,,,,\n\nApril : 4 evaluators.\n\n[https://docs.google.com/spreadsheets/d/1CcxG1GVw62mKKA22C-9OeDl9EfIex8jCxZaUnabX7qM/edit#gid=0](https://docs.google.com/spreadsheets/d/1CcxG1GVw62mKKA22C-9OeDl9EfIex8jCxZaUnabX7qM/edit#gid=0,,,,,,,,,,,,,,,
,,,,,,,,,,,,,,,,,,,,,,,,,,,,,,,,,,,,,,,,,,,,,,,,,,,,,,,,,,,,,,,,,,,,,,,,,,,,,,,,,,,,,,,,,,,,,,,,,,,,"\n',100,2718079,572705,'2025-07-29 08:02:53',327950,572705,2013,'completed','2024-04-01','2024-06-30',0,NULL,NULL,NULL,NULL,'2024-07-02 03:50:15','2024-05-02 01:33:51',NULL,0,NULL,NULL,0,'2025-07-29 08:02:53',0,'TEXT',NULL,NULL,NULL,0,NULL),(36394930,383455,'6May24 Transifex Strings (750 words",,,,,,,,,,,,,,,
,,,,,,,,,,,,,,,,,,,,,,,,,,,,,,,,,,,,,,,,,,,,,,,,,,,,,,,,,,,,,,,,,,,,,,,,,,,,,,,,,,May 7（5/8 9AM JST）\nAll others ー noon PDT Thursday,,,,,,,,,,,,,,,,,,"','due date:  \nachievements-graphapi strings - COB PDT tomorrow",,"May 9 （5/10 早朝4時 JST）\n\nstrings:\nthrive-achievements-graphapi: 4 strings\nthrive-cms-production: 62 strings\nthrive-web-achievements: 29 strings\nthrive-web-dashboard: 1 string\nthrive-web-reset: 2 strings\n\n[先方より]\n今回も、すべてMT（Machine Translate）を利用した後、翻訳をお願いします。',100,2718079,572705,'2025-07-29 08:02:53',327950,572705,2014,'completed','2024-05-06','2024-05-09',0,NULL,NULL,NULL,NULL,'2024-05-09 05:07:05','2024-05-07 00:52:20',NULL,0,NULL,NULL,0,'2025-07-29 08:02:53',0,'TEXT',NULL,NULL,NULL,0,'2024-05-09'),(36394973,383455,'Japanese Reset Scripts - Obi (5 scripts - 539 words",,,,,,,,,,,,,
,,,,,,,,,,,,,,,,,,,,,,,,,,,,,,,,,,,,,,,,,,,,,,,,,,,,,,,,,,,,,,,,,,,,,,,,,,,,,,,,,,May 9 (＝ 5/10 AM1時 JST）\n\ntask : Reset scripts x5\n\n[Working Doc] https://docs.google.com/spreadsheets/d/1qLukAtyzvRfbbCxvKbFAICNut8pvQ9Ey/edit#gid=1297819232\n\n[先方より]\nWe need to get five Reset scripts translated in advance of recording with a male voice talent later this week.\n\nTo that end,,,,,,,,,,,,could you process these scripts? Links to each are provided to the English below the final segment of script text.\n\nThink we could get this done by 9am PDT Thursday,,,,,,"','due date: 9am PDT Thursday",,on your TMS,,,,,"May 9?\n\n★5つのScriptは、エクセルの各セルに文字起こしされています。該当するResetの動画は、英文の最後のセルに、それぞれリンクがあります。このリンクは、Thrive Globalのご自身のアカウントで、言語設定を「英語」にすると、視聴することができます。（日本語のままだと視聴できません）\n\n★画面上のテキスト（On-screen text / OST）の翻訳もお願いします。なお、InhaleとExhaleは、すでに翻訳済みとのことで、これらは訳す必要はありません。よろしくお願いします！',100,2718079,572705,'2025-07-29 08:02:53',327950,572705,2015,'completed','2024-05-06','2024-05-09',0,NULL,NULL,NULL,NULL,'2024-05-13 01:23:05','2024-05-07 01:13:20',NULL,0,NULL,NULL,0,'2025-07-29 08:02:53',0,'TEXT',NULL,NULL,NULL,0,'2024-05-09'",,,,,,,,
,,,,,,,,,,,,,,,,,,,,,,,,,,,,,,,,,,,,,,,,,,,,,,,,,,,,,,,,,,,,,,,,,,,,,,,,,,,,,,,,,,(36435640,0,0,2025-07-29 08:02:53,,327950,,2718079,2024-05-13 01:26:35,,572705,0,9May24 Transifex Strings,0,572705,2024-05-09,,,,2024-05-13,383455,,TEXT,,,"due date: COB PDT Monday, May 13 5/4 朝９時 JST\n\n★MT（DeepL）を使用したあと、翻訳してください。\n\n\n\n\\[Tasks]\\\nthrive-ms-teams-graphapi: 1 string\n\nthrive-slack: 1 string\n\nthrive-web-achievements: 3 strings\n\nthrive-web-challenges: 1 string\n\nthrive-web-journeys: 11 strings\n\nthrive-web-profiles: 8 strings\\\nthrive-cms-production : 4 strings\n\n\n\n\\[先方より]\\\nFull MTPE, please.\n\nPlease be mindful of new Journey names (French / Japanese) for the msteams strings.\n\nAny questions, please let me know.\n\nDue COB PDT Monday, May 13.\n",,2024-05-09 23:25:23,,completed,2016,2025-07-29 08:02:53,0,100
,,,,,,,,,,,,,,,,,,,,,,,,,,,,,,,,,,,,,,,,,,,,,,,,,,,,,,,,,,,,,,,,,,,,,,,,,,,,,,,,,,383455,,,,,,,,,,,,'Assignee: Jardín\n\nWorking doc: https://docs.google.com/document/d/1d72aBxaOh8WLVt-wX3CpalJ8Tgj9yPGyS5S3Nf6jEjM/edit?usp=sharing\n\nTask:\n\n1. To pick a Korean video entertainment industry news article to share on LinkedIn out of Jardín\'s LinkedIn account which will be reposted by CF company account\n\n   링크드인에서 공유할 한국 영상 엔터테인먼트 업계 뉴스 기사 선택하기.\n\n   이 기사는 하르딘의 링크드인 계정으로 최초 게시되고,,,,,,40222050,,KR film & media news article to repost in LinkedIn,,,,,컬플 회사 계정에서 재포스팅됩니다.\n\n2. To write a Korean summary (a.k.a. caption,,,,,,,,
,,,,,,,,,,,,,,,,,,,,,,,,,,,,,,,,,,,,,,,,,,,,,,,,,,,,,,,,,,,,,,,,,,,,,,,,,,,,,,,,,,,,,,,,,,,,,,,,,,,,of the article that will be published on a LinkedIn post (200 Korean characters,,,,,,,,,,,,,,,
,,,,,,,,,,,,,,,,,,,,,,,,,,,,,,,,,,,,,,,,,,,,,,,,,,,,,,,,,,,,,,,,,,,,,,,,,,,,,,,,,,,,,,,,,,,,,,,,,,,,which will be translated in English\n\n   위 기사에 얹어 게시할 200자 정도 기사 설명(캡션이라고 하는 듯,,,,,,,,,,,,,,,
